microresnet_ghost_loss,microresnet_loss,microresnet_loss_alpha_0.3_temperature_2,microresnet_loss_alpha_0.3_temperature_4,microresnet_loss_alpha_0.3_temperature_8,microresnet_loss_alpha_0.5_temperature_2,microresnet_loss_alpha_0.5_temperature_4,microresnet_loss_alpha_0.5_temperature_8,microresnet_loss_alpha_0.7_temperature_2,microresnet_loss_alpha_0.7_temperature_4,microresnet_loss_alpha_0.7_temperature_8,microresnet_loss_alpha_0.9_temperature_2,microresnet_loss_alpha_0.9_temperature_4,microresnet_loss_alpha_0.9_temperature_8
6.040668281447857,6.711739971814558,2.823387185630896,3.822889492030034,3.386538340917329,3.69378427349393,5.250933109341985,4.39978138321196,4.4349957219779945,6.51566136645539,5.630531430549329,5.114609358560704,8.15631455472668,6.600949353269299
4.628304792487103,5.583268991211796,2.214507746879402,3.221328261563236,2.858086751245172,3.0522395302267635,4.254703127819559,3.6293288136992,3.607603564591664,5.239188534524435,4.631625932805679,4.206335803736812,6.526329596634106,5.299252964956376
4.099705115608547,5.005025785597389,1.9547791087718875,2.87509098748112,2.557847158988113,2.6015461094848944,3.717497173172738,3.248007160318477,3.045998718427575,4.606240033493627,4.1262763272161065,3.6581856192225386,5.711893676796837,4.647833246709136
3.835904351890545,4.520889227957372,1.8241702284654389,2.624185535304077,2.359647876466327,2.349396307145238,3.4342957811282417,3.0030346038701285,2.781212180471786,4.273071617726475,3.845724359497695,3.3159588419872783,5.247707202306489,4.2988248871415475
3.602151700602773,4.214394660252134,1.736113516570967,2.4399124310754448,2.238019023709895,2.220588108767634,3.2220524095208445,2.81996724916541,2.632862793819984,4.004205508610172,3.620897461386288,3.141837268839102,4.950479957453736,4.1066190769605315
3.467518683894516,4.017629040476611,1.658516239937004,2.3404787007500145,2.1293012479991864,2.11438936589624,3.071570975701217,2.679284619553315,2.518260417082121,3.814889002334127,3.459630561911541,2.942523391655339,4.716216651984798,3.925777950555162
3.388685354491329,3.872699436934098,1.6052106710346157,2.247957869258988,2.056581295664658,2.045933220697486,2.9475065972798924,2.585055501259806,2.429493436423104,3.643208046398504,3.3649073872724764,2.7860362682196187,4.532558949707109,3.815091952643431
3.2351147598012937,3.75827623572191,1.5496669602211175,2.1923194330976443,1.9901221200938115,1.990365565280476,2.850051674391608,2.5147624826797133,2.3068955310470307,3.518836539724598,3.2615153417562888,2.730823186962196,4.4012464623317085,3.668005190237099
3.166694950264738,3.5912486293431742,1.5055332790555247,2.1492425310032446,1.9312918677049524,1.929680430675712,2.758734509768084,2.4527736304666075,2.210592188493675,3.429267218655637,3.14501941295536,2.5981393607376178,4.236711810616886,3.536458115443549
3.032839683010755,3.491068421727251,1.4825389037656662,2.098204995665099,1.8598151612464728,1.8876597353869389,2.7146568334925814,2.392098993901401,2.135038281340733,3.358922433365336,3.0782397445815297,2.5337114892042507,4.038349637594979,3.4584241151199926
3.009279541957104,3.3841443141098217,1.4460394166009811,2.058055520362561,1.80801024034505,1.80552674742306,2.617959353015246,2.35507573557022,2.0770188701122314,3.277080030392503,3.020467884400312,2.482441916185267,3.9245347775461727,3.4147107973123147
3.0022579294336422,3.3068267134449365,1.4222012288735042,2.002596723758961,1.779600612342815,1.7627254892188264,2.5748759303861264,2.319583415680224,2.056517446437456,3.2333117031380345,2.961790262890594,2.424627273283956,3.854552686671772,3.3499798439347837
2.9167440468088137,3.2029609887496284,1.3982133170222992,1.9914637154630384,1.754640195070935,1.7154663392649891,2.5251047135618947,2.2825478178156,2.0173596110185392,3.1561444927664364,2.9052638891712785,2.400513186479164,3.784642599427792,3.2938442888772093
2.8797045912584074,3.179495230964992,1.3735184239609468,1.9324147637237976,1.7226318166688883,1.7142527594285852,2.499004679567673,2.267793891070139,1.9683628152398505,3.099814629615725,2.8848396323221115,2.353682853071891,3.740487823096078,3.2787237746636277
2.890428808339112,3.1167639612846667,1.3516029082905603,1.9085787504225435,1.7100295773552507,1.64892900996196,2.47274692802478,2.246370960379501,1.9449535876588748,3.087441627936595,2.84652482640103,2.3323546474242147,3.686741599646371,3.2758001860450294
2.864660693556452,3.095318405829427,1.3480290235460872,1.8817121293538672,1.6952546926410608,1.6493090875923175,2.464788222556834,2.206099598304085,1.9451063148810728,3.0582578072462545,2.799477656479077,2.2753208119546056,3.649190758805141,3.244307410076756
2.8593015707362337,3.068661511706574,1.3207761041648554,1.8612285895115883,1.671461034613802,1.640646738774331,2.424055971148069,2.1916060283056003,1.932065553372473,3.041247225173599,2.7937397249519367,2.31540754871905,3.641769221981468,3.216825185834294
2.865344256086422,3.004256913729031,1.3177476938423294,1.83390186723236,1.6615239564720017,1.6210000429616864,2.405621662469166,2.184460123481653,1.9109480320035344,2.995379188176616,2.770829518432812,2.271878625730724,3.588615265038922,3.2241172894187597
2.8698334998791784,2.99931657649672,1.310032896373583,1.8318843115930967,1.647137213545992,1.603926093986882,2.401167865299508,2.1675836695429616,1.8933504103394725,2.97838292829216,2.7351986496039973,2.272641147798894,3.590955610470394,3.1719540177708696
2.8240848093691384,2.991249298500588,1.302050913233891,1.8106984177513803,1.6349814804008855,1.588186560689336,2.383580618502234,2.1560829451017063,1.869965982559087,2.948161672753141,2.7171902680945825,2.2519885719279804,3.576788393737715,3.191465524151502
2.792691645414933,2.9848108712364647,1.3033803625179985,1.79636685957994,1.640949558723918,1.587712897669019,2.381365597400519,2.1545606180834955,1.872026091036589,2.950795273036908,2.702987531261981,2.246650690312886,3.5503717231018768,3.1623969047575655
2.842923607667694,2.936771105012625,1.282645525682308,1.7960558388849048,1.6183819731178186,1.5751907240094432,2.3624865066669787,2.125006874503992,1.8507641337411789,2.953117817564084,2.6982649220225148,2.2504732444158297,3.5368555848250915,3.1487613395047003
2.815682529488488,2.9398163797910257,1.2773348858289402,1.7730719631590195,1.6164649298123996,1.5795293049434262,2.344275883091685,2.1296087491237903,1.8698701742664927,2.941751048997845,2.673822315757537,2.22209054460306,3.510337463120365,3.1238818290593375
2.7927859664877968,2.95973188492953,1.2794211330011374,1.763325050053999,1.601541760327566,1.5856754892622418,2.345479146903738,2.1151013374328613,1.8376014555811573,2.91055475110593,2.6625099090663977,2.2050099278350013,3.509763201179407,3.1496524414442995
2.778274785527183,2.893794450613544,1.286004595134569,1.751161654282104,1.6181968377374325,1.557110028193735,2.323860764503479,2.1102584515081344,1.8436246893899824,2.912251929797785,2.6547052091954613,2.2183118528112424,3.500524893441164,3.112093262050463
2.7787405749416108,2.906147897091058,1.2723418358341811,1.7563302099247418,1.5967324728246235,1.5485113914055593,2.3206888656786946,2.113474032153254,1.828869466586491,2.9004399886216654,2.6451117041165872,2.196625229037936,3.487271544268674,3.141499152878666
2.745112474617141,2.9091012770562528,1.2719971618384047,1.7383164048499768,1.59993551179881,1.5501926494071552,2.321020168721524,2.1082421477188538,1.836258220550654,2.879503155608312,2.633395348058637,2.199985410551281,3.513591263300317,3.1215133904801
2.757972093494347,2.902222382747913,1.2693807909555752,1.7473977170027126,1.5964389338212854,1.537992320707082,2.302581522775733,2.101304434144589,1.832106994850861,2.893024818976517,2.610317171077289,2.194676097091812,3.444983442116272,3.0924441082703185
2.741237975142496,2.8931000379040417,1.251970141135213,1.7344198071438333,1.5707568808284866,1.5336021614806423,2.3144792449443847,2.0853195730072764,1.8185230597205784,2.880920876017617,2.6131135008829025,2.183167918868687,3.460479983893197,3.101451573774333
2.754822622479685,2.88645281450218,1.2603446536356837,1.7404117687888767,1.576965152759991,1.5361439126836671,2.3200591601374203,2.0925067379651474,1.831039086327224,2.8693687531649306,2.601965956065966,2.1693559397212074,3.4557517629755123,3.092770556964533
2.7150066478173143,2.856791784696262,1.2443051790947195,1.721438237163417,1.5772722224750175,1.5287630372035228,2.297736536206492,2.0872065350222773,1.8065701387727355,2.8670894002060754,2.6076381127242847,2.1837413527471634,3.464510460338934,3.0877166074865006
2.731614963477835,2.8577079272940944,1.2532243140213324,1.7180131518322488,1.5822559287176108,1.5272843999326076,2.2852039940826727,2.073138314134934,1.8105774325178103,2.847383222311659,2.573427197268552,2.1695041668689465,3.426463763122364,3.1025272708414766
2.734555842016664,2.851402718697668,1.244117341687917,1.7215649596870404,1.5666527525543252,1.5218770772294925,2.304530212336489,2.074404591794514,1.805394689750184,2.8608034236351854,2.57799313806207,2.1478706738528084,3.4215893001507616,3.0726501283133425
2.7286456149557363,2.854106692097071,1.2441363926128963,1.7100486328534763,1.554902604168943,1.5413819606346852,2.29618458095414,2.056041999851041,1.805410187262708,2.842836403785764,2.5683637653165463,2.1555610154290945,3.464306095372076,3.0581210122998717
2.708005534413525,2.8506363651636617,1.2332834441338658,1.714403830220937,1.5541206814748856,1.5124898514784206,2.264781518055655,2.0571891124291186,1.815494928823408,2.837644724589784,2.572230172584124,2.1605040892920533,3.463340467809106,3.0738859280295996
2.729104521939212,2.836346649452853,1.246323318737547,1.7199880302409687,1.5596340876406112,1.534323690797362,2.2619192572810767,2.07726070338198,1.7994974955268528,2.833606213864768,2.579640447636089,2.139510587962997,3.431794520839096,3.044492241061862
2.71712529933666,2.822185008422188,1.2304289484267954,1.6884038030643902,1.5505292772332115,1.533179374607018,2.259267990241576,2.058825563896648,1.7873681521476688,2.8252693503104207,2.561283674386456,2.128553242024863,3.414299450262124,3.0557813229768174
2.7021302567113694,2.8469656745491125,1.2437788203854083,1.7009354683444322,1.5512215456999172,1.5154929179364762,2.2635570288924,2.0697903995928555,1.7884126883333602,2.817693047511303,2.564721616637676,2.137952878652021,3.4195083480356905,3.0458345785165384
2.723326671153993,2.853109301813423,1.2258307766121672,1.694358402200977,1.5583861660774407,1.5085581394717515,2.263872610028748,2.0652067707017863,1.7852432700374243,2.798628415597979,2.5522700740248347,2.1402732103377047,3.421207873717598,3.078420902457079
2.706819140392801,2.830364896208429,1.2311048547325232,1.7015563514836305,1.546104438164655,1.4911783479363716,2.2608824672601413,2.0679640108362185,1.7931996897968183,2.816755622244247,2.5619232703352828,2.127083757039531,3.41567393093158,3.0569211820812177
2.7086091864749293,2.824570796068977,1.230374437006538,1.683926543616273,1.5460582291683578,1.5065562475063,2.2457396901781905,2.051081471735864,1.7987962534360569,2.8397451319048166,2.5603363361504985,2.130405067787756,3.422824723641281,3.038375264848285
2.6772502297940464,2.816935625832404,1.2368304365126372,1.6806734257646838,1.5419555664672266,1.4966798532954262,2.238935851075156,2.059612859545461,1.7763602230554956,2.8138454856775,2.5347971135698013,2.121059077170194,3.4198256660910213,3.045808020150265
2.6923269423682368,2.830957628576957,1.2309740265007214,1.6862798462743345,1.547893802833069,1.4950566517422572,2.255225099566038,2.049942695576212,1.7767252068385444,2.807119228650847,2.5539735299547006,2.1099228075398204,3.386858990125339,3.0343588837577253
2.678481887978361,2.8330466448498504,1.2226559327691413,1.6823114034769786,1.5391627733054978,1.514653183310233,2.248419161647787,2.0458185325193283,1.7765365338996244,2.786172793649347,2.538777858095096,2.1225425322037523,3.3729818885588583,3.0223957620313406
2.68865542216679,2.833523940552226,1.218028805292476,1.6748129211728224,1.5349346469430365,1.501495547306812,2.2560119942935835,2.026704770219905,1.777250286258395,2.805401428886082,2.5403743015835656,2.118803223685535,3.407523174115154,3.0392405127015567
2.652432687752082,2.81513346064731,1.229038301331308,1.675086963816982,1.5332460013192024,1.4936317979832134,2.2446178060663327,2.044481720156072,1.7672460399320364,2.790876756848581,2.563519711994454,2.103307341370741,3.38085953170991,3.0361970946611954
2.667766377749041,2.81502751316256,1.2132567565154542,1.688643670143069,1.5328017375658236,1.4862575317587694,2.220354888445276,2.0340169027943134,1.7764658251077012,2.7869141723798667,2.536784601943267,2.0981514395960152,3.3877773961752577,3.0114631945519803
2.6798644196956665,2.805577387895121,1.225012856523704,1.6753473589792276,1.5347407434297644,1.4840781972231465,2.242732075779029,2.0304833565221725,1.7824487762378,2.804184447164121,2.560346275034463,2.092785673678074,3.387143041776574,3.0323207158871623
2.6575008408187903,2.820075245464549,1.2234282411272874,1.6765805107858174,1.5297148800871867,1.481508680011915,2.239218566118909,2.034243961734235,1.7625933068487651,2.792615582266122,2.5212352849028603,2.0896353556981784,3.387136136784273,3.006194937259645
2.65621270913907,2.7944414676607723,1.2079068786652802,1.6560825649124886,1.535068539707252,1.4831802311455806,2.2346208449214924,2.0494094102279,1.76980191911273,2.7745636411944923,2.526858630387679,2.0956109435966863,3.34764658154734,3.039693712273522
2.6730889560621414,2.8029184347528324,1.2209301406465225,1.6621738138711055,1.5222563728347154,1.470932301962772,2.2173190092491675,2.031742206314945,1.7836626576035834,2.803705872172285,2.5484967618952017,2.088949181539628,3.374461019130619,2.997129226889452
2.6641361347549712,2.806830733633407,1.2089018833911631,1.6508392815089896,1.5258935473459152,1.485410634209128,2.2326768039132627,2.034549904601348,1.7606438535558595,2.7778088723302194,2.5339938761937955,2.084787255357903,3.381212393646045,3.0207444798306127
2.651642843890373,2.797177472077977,1.2058425161539743,1.6665607937766462,1.5274699999548285,1.4861236740561092,2.21020532843402,2.037904019855782,1.7529434904722911,2.7818324346371623,2.5282066057405204,2.078908257167358,3.356584426387192,3.0158660826475723
2.6472369307447274,2.807763310039745,1.2100516760440738,1.6641082763671875,1.522209559560127,1.4804491984569812,2.229115150773617,2.0331052572221098,1.7713365481637628,2.782078783225525,2.522640805720064,2.081580563579374,3.3712106062018354,3.0258584876194634
2.6773295652531,2.810869052891841,1.204771287758332,1.671283548750231,1.5275378242478042,1.4722602202764252,2.22496925564983,2.029426238725862,1.7605088299802505,2.7706177155380054,2.5136268913288555,2.0781381810107806,3.322703996887597,3.015225629367487
2.6495971301632464,2.8037420959423875,1.214390085023992,1.659940585151048,1.5187938207250726,1.466858463519065,2.2136444429607343,2.027227452953758,1.7451045997917194,2.795359689561302,2.5118903571077627,2.0819211390317247,3.367796997280072,2.9911098687545112
2.6629750673728223,2.796320416433427,1.2042690204537434,1.677567178635951,1.5394455282889363,1.477809969726426,2.21342206611048,2.0230625608693,1.748370947740267,2.775056085928017,2.521346526072763,2.0843141405173884,3.3773676214925468,2.98557537778869
2.666939491506123,2.800163472095109,1.2008699174122432,1.661298560669355,1.5285146943748456,1.4578764520947585,2.2127728910397386,2.0322189812769977,1.7453615253843615,2.7551645756987355,2.531282872495139,2.061041003907733,3.349584717274932,2.997529850591479
2.6773633176408462,2.8179471791552766,1.206844858348827,1.6505459922049053,1.520212522553056,1.46390488050173,2.218122160648141,2.0130064682582454,1.7686838012217256,2.754268604166368,2.5173811662532484,2.073167139002124,3.343694471032418,3.006293226081087
2.6802237238115665,2.7712262304847504,1.2105373799648431,1.6516461686405075,1.5310691588979852,1.4632128498438377,2.2154748948943586,2.0247345879254746,1.758516683907765,2.776395595896884,2.514110967021464,2.052760924524663,3.321789115286239,3.0174446520598037
2.65985672248294,2.7861675325866857,1.1999327205026242,1.6659264665125582,1.5243352179027274,1.4577432904402008,2.2105972138817047,2.015256914336358,1.755960382463987,2.774980375528945,2.5141835267586474,2.0674601808533337,3.324601695970501,3.006532993462994
2.6629168877516256,2.7872588457658773,1.2095262707041965,1.6562262907662355,1.52485443929882,1.4639410841495484,2.215705070959028,2.003530868483931,1.76298712891386,2.7575358283489257,2.519615121509718,2.055018823165113,3.342603290782255,2.979197899094018
2.7039849270335243,2.8049051066493744,1.1988398484561755,1.6513231090267602,1.5121885967986357,1.467761109247232,2.2206926187285987,2.016885296767935,1.7496055196923064,2.768231440078268,2.5117890042112307,2.08767132655434,3.3539074827033235,3.0100794521439105
2.6509043536222805,2.7971335801931905,1.2153241949922895,1.6448935950198746,1.5206756414964682,1.4669784923343707,2.2056178296618447,2.024537319112617,1.7591517035613584,2.75564893188379,2.533346684692461,2.0387595672436687,3.3293949112562875,2.9968872673981024
2.6987499477308425,2.787495869809709,1.2082880337524902,1.6544943877193323,1.5074780289169467,1.453732074069245,2.2112656645762647,2.0110158106250227,1.7506223035895303,2.7576550498338004,2.539927404250025,2.042755837635616,3.323158535506109,2.9986239833295194
2.698848451494866,2.7887627883335515,1.1960803072165955,1.6624339739684864,1.5267063894540147,1.4597124388760618,2.206577116571119,2.0184205087554425,1.7469351477635182,2.752496345573679,2.520787147609779,2.059887724459324,3.3513107793715298,2.980248284156975
2.721883428066283,2.7709871728706847,1.1957416656377065,1.6459813971653618,1.5136870109211755,1.4624530448937965,2.196823437500488,2.007569132558525,1.7442518414743722,2.7457328141497834,2.527032863148643,2.045637689892898,3.351360030796217,2.9829844056492876
2.6761907305558927,2.786779701862189,1.1934192825461287,1.659984755089216,1.5122615983114218,1.447896310435537,2.210633260819613,2.0163625683016178,1.7434473946271345,2.7641671417314377,2.512391189480072,2.0504936260335587,3.347034954353977,2.986206433352302
2.725445602251136,2.778776800541012,1.2098787958969546,1.6496796501262108,1.519218018597654,1.4511800816906688,2.2063235901200864,2.008890846501226,1.7305177197127086,2.747173744089463,2.5215222713587533,2.059235090489888,3.299035840632056,2.9993340975183354
2.6693756446204224,2.790211446449885,1.1965715638207048,1.6614917714882385,1.5141190689847903,1.4529479533205252,2.19430085033407,2.016125428707093,1.751947645641044,2.7368162324666367,2.501284389849514,2.046520245044737,3.320774839967108,2.9988581670824526
2.674562217634352,2.7699715859444853,1.1957541179778937,1.6444451552827646,1.5247799322733184,1.4554934257741474,2.224309356011393,1.998487757294989,1.7388740049298768,2.754478735692056,2.5039137485996843,2.0514056710026147,3.3437677045612384,2.9686794622474926
2.662375501964404,2.793977005097567,1.2003377802536617,1.6507178499265704,1.5194718548099098,1.4531136385315215,2.1886954392923417,2.007923335370505,1.7441704370786466,2.7319242746933647,2.5135508211677338,2.023060386443077,3.312867446933561,2.966112994172079
2.684195713009066,2.773264769093155,1.195783555202777,1.646276896566991,1.510617246408292,1.455682057858733,2.199465486399658,2.008327196626102,1.7597945681618303,2.743158339234569,2.515895459962928,2.020834589248423,3.3209560478434845,2.981199075498849
2.6877826278471884,2.782792329178442,1.1982440911900356,1.642933824483086,1.518302552840289,1.4446217771381369,2.19817234335653,1.9998519466356244,1.722403160141557,2.720205189931728,2.502750197944738,2.051795452147189,3.3605720155379357,2.9694561141226297
2.681964515420177,2.765326254812958,1.203395734357712,1.638024535020599,1.5131668175577813,1.4456927788531997,2.200448868524693,2.007821074532121,1.7459845140462031,2.740945682501244,2.4893253258122203,2.0294078997029064,3.332713353969252,2.9733949713694776
2.671311587628806,2.755808854042112,1.1993345386536836,1.653361857394733,1.512279660805412,1.4457076257452026,2.2084833173190845,2.015739537565909,1.7412271429510675,2.7447755824574425,2.51253269791908,2.039348014785201,3.2949943652238383,2.993753302737575
2.650134939062016,2.776474666107646,1.1903775694120269,1.6371675202303837,1.5177359959048689,1.464248942597138,2.186298900553028,2.0015148695777443,1.744655738401291,2.722966127993201,2.511253037416112,2.024420415044136,3.3253553023423685,2.98064394924037
2.657836396371007,2.768880309351265,1.1903699827011285,1.6380324750910025,1.5111408742797343,1.4424779177321805,2.2011747695600894,2.000719601540919,1.7331449439763411,2.735604019116258,2.501517752247393,2.0273726620637547,3.3387117404157243,2.9654660078570667
2.6706942569874133,2.774060002373308,1.1958531427871235,1.655475981400141,1.497964784922197,1.4277579967323166,2.1931056403138145,1.992944324108036,1.726619461308355,2.7430047019363366,2.497073097911942,2.051897693168172,3.307098508186048,2.9714405682995495
2.6606953357491654,2.770899781790536,1.201903763482028,1.6243210924251,1.5035960802336787,1.448201921894727,2.190805479693596,2.0125561537949936,1.7422857101616045,2.7312796908571286,2.487506025587506,2.013476340057295,3.32838852082372,2.9774442493458233
2.2585212842887623,2.243679833534124,0.927638821742114,1.3103176837077226,1.2155055484503432,1.1075043159982432,1.7713134715624173,1.6377647971863027,1.3386892793733445,2.2047515796578447,2.051099383922489,1.6055849604594432,2.70548868545181,2.46208870197501
2.156146661094997,2.1117681024019674,0.8667038355946846,1.2420900422898704,1.1583594382571445,1.0416379232540764,1.672458923991074,1.5598716818158278,1.257978401525551,2.0994336614218514,1.951946925324248,1.486453421280512,2.5529590656080514,2.3429156322308513
2.136587059101485,2.087622261718106,0.8436757845951773,1.215472989527466,1.1377101119826822,1.0121444997275273,1.648571690025232,1.533388757949595,1.2276627018933406,2.0512225518141256,1.920494577463936,1.4457767843590368,2.5206938704566277,2.3073294888372007
2.105834149948471,2.0693700276982145,0.8324953370996754,1.2018137853163893,1.1246943726868883,0.9986158758782976,1.6352690991843144,1.53010947960417,1.2043845824268469,2.026973096610945,1.90573301705558,1.427170435333496,2.4836811988859835,2.2815742699996284
2.0964350310128057,2.04565018308742,0.8215239892530319,1.1991053077266038,1.1143189722009936,0.9882489241602476,1.6145327923547883,1.5118248612069718,1.1938966312981627,2.007461523765798,1.8981746727853173,1.4138613678610232,2.468749207303957,2.2766621368925284
2.097154260291468,2.0373774705945378,0.8197553630375192,1.1845445654276388,1.1151959085098615,0.9805053595996572,1.6109130760592878,1.498639800664409,1.188996261343017,2.0149944456641937,1.8870554519126483,1.3942758905918091,2.465530006172102,2.2656383959533613
2.078963221796333,2.029688184523521,0.8219976388584928,1.185190000040147,1.1149137341762747,0.9751929477657504,1.5983958945554846,1.503162703245802,1.183538613569401,1.999034030663083,1.881852760034449,1.390061086858325,2.442541104448421,2.258157925532602
2.072367396805902,2.0196995960781945,0.8087084017446279,1.174269935206684,1.0995666668238238,0.96614652323296,1.5994174257873577,1.4947124777547538,1.1746332909140136,1.9907508009230084,1.8723710525371229,1.3825397986890104,2.45625844849345,2.2634423236407892
2.062586100510014,2.020497036711944,0.8083380257991879,1.1733192255734788,1.095935436465856,0.9673228004704352,1.5929626421550351,1.4865712866453868,1.1661820547355106,1.9907690759205148,1.868754085372476,1.376856614866525,2.437135028717158,2.2479201808305045
2.060001989459748,2.005659214066118,0.8056109280842344,1.172284288479544,1.091798153679694,0.9596619759984027,1.5863372950297792,1.4906001700769604,1.163178554428813,1.98188757073239,1.8694607013326776,1.367051146676778,2.436501181339059,2.247694919786185
2.064642249470781,1.999117769243772,0.8012318263578293,1.1707824895449002,1.0910454046390856,0.9607974071331952,1.5850213421580126,1.4863487908907254,1.1688484220248658,1.983603714372191,1.864692504143776,1.3666824013985637,2.4263807522976184,2.2428169421222814
2.064993874191323,2.001510500298132,0.8057837544194878,1.1647861083145337,1.0914814388355636,0.956707084117948,1.5770155767650555,1.4848068220841,1.1662866483868846,1.9786693766293928,1.8662842265175432,1.3564601563431722,2.433793603306841,2.238599533620088
2.061776044423623,1.9929101299446867,0.7945884078969736,1.159903690333257,1.09206808223139,0.9559671787349768,1.5729828225377271,1.474885986284222,1.1576009647315726,1.973341755549926,1.863829885907185,1.3619745988065324,2.432004473703292,2.241284463106824
2.045779182477985,1.9991088806820647,0.7970533651464126,1.1588669949785215,1.0952589629251328,0.9506990687011758,1.5754511606357895,1.4837224440806358,1.1551093184734549,1.972062134071994,1.845666397563027,1.3533968268453007,2.4172796382928445,2.231912825418555
2.04672266790629,1.995251847350079,0.7957409466319072,1.1579327266234571,1.089404994569471,0.9519779933687976,1.5799520805363765,1.4810003219053265,1.1523882711634916,1.965832729473748,1.851999821870224,1.3590687748111423,2.416377312082159,2.2308167673437795
2.0660307450062785,1.983656475001284,0.7989585875245311,1.1567436566438212,1.0929144154424253,0.9514124061140564,1.5777306867682417,1.4795607328414917,1.1701819424129205,1.9753663972820468,1.8556009576753585,1.3460219511595528,2.4084330477068185,2.2484073141956573
2.052008361462742,2.003547315707292,0.7949193270157671,1.1548210373315055,1.093322797961857,0.9474227532096532,1.5785066499124707,1.474615225706564,1.1556500760490631,1.9672161770598664,1.8590129019354311,1.3659310450639262,2.4186443450200894,2.2374885643229767
2.055006771746194,1.9955476415736595,0.798877946479851,1.1508426972667274,1.087367729762631,0.9520303847844644,1.5711205648949078,1.4773669651402233,1.1586090094598054,1.961375824020952,1.855778056947167,1.3662736957030528,2.4118413047107587,2.2321379980467775
2.054697283088704,2.010715157479581,0.7965648168950434,1.1545346022566871,1.0917675115568253,0.9532643004756448,1.5714744329452517,1.478772971636194,1.155634003222141,1.969385726372604,1.8599339693098729,1.3566781203155325,2.427677055758893,2.242278644495913
2.0368813642150605,1.9964397380419088,0.7906729021035802,1.1601589608680256,1.084707216381112,0.9544142809365412,1.5780659874381922,1.4782707517409264,1.1415443437178727,1.9674911316093584,1.862260080359476,1.3512403407060276,2.4176449659840227,2.2338544456550227
2.058122985808136,1.993727280660664,0.7949364473447775,1.1571540616052536,1.0916258285722464,0.9456878527046164,1.566994945106604,1.4777651631923587,1.1575043070346802,1.9695038024116964,1.8586098696569653,1.3585978661046918,2.4196878186882,2.249191368327421
2.053722425190079,1.9914468404886967,0.792772699804867,1.157296097949338,1.0964147855558664,0.9512601057281884,1.5678858757019043,1.4764376595197126,1.1512609464128305,1.968789789682764,1.8617677304445928,1.3580638908059397,2.4206312922260644,2.245810301407524
2.055540246122024,1.9956256187785315,0.7934544754150273,1.1586727865821564,1.0925590380683274,0.9553836640494558,1.5720548782202288,1.4803880370791307,1.1577947389744128,1.9766826312560253,1.8607631168706948,1.3524304117693011,2.4192261753789603,2.2403342144568557
2.055730772445269,1.998215662548914,0.7949560276992486,1.154476937430594,1.0914665486501611,0.9558286770530368,1.5733954476578462,1.4788884067779309,1.1602091859368715,1.9652297164473085,1.8571137936828688,1.3547504178398406,2.420203710456029,2.2325022650496735
2.050079553328512,2.002942305086824,0.8012373025155128,1.161048582905089,1.0901298350690272,0.9635126121208796,1.5847345212536394,1.4862178652487752,1.1571443151025211,1.9772521126300784,1.8564969173172856,1.3573021083841543,2.41778373352402,2.2415694495296234
2.0537920254270743,2.007030617550511,0.7926198840141296,1.152900998549693,1.0926897472432813,0.9538311069578772,1.5663724436479456,1.4874610041108582,1.1542782705763113,1.9707932578938088,1.8612969244837456,1.3590327606481665,2.419859050789757,2.239222346669268
2.0480099870725668,1.9951768098279947,0.8005861479912877,1.157487584501886,1.0960634649562104,0.95730979576745,1.5871780342458155,1.490137267295662,1.1592781336411186,1.9691576308301648,1.8657813980756208,1.3579225767299037,2.424818380714377,2.235432893723783
2.058155715008221,2.00317563272803,0.7952256905453284,1.1637680797320802,1.0967234507241213,0.9516886170867764,1.5797211291540003,1.4805830366471235,1.1579434607949708,1.9743544771848127,1.856624292290729,1.3623680946467174,2.415955509066277,2.238304428737182
2.050789236412634,1.9925818864037008,0.7927391838539591,1.1657499756349627,1.0954643196766944,0.95797514686804,1.5767215834859083,1.4844025873467137,1.1583518896566327,1.979225774860138,1.8671663993459835,1.3534404912872997,2.4282366884943776,2.246108110603469
2.062427325017007,2.016865490647533,0.8002149586177543,1.1600750911876063,1.098532261750887,0.9590424049235976,1.583091811755734,1.492277526184726,1.1663718177839313,1.9751027099921568,1.865158048127313,1.3659214482587927,2.417234915601628,2.23003436049537
2.057294451062332,2.003561197339421,0.7985224917416682,1.16269142502714,1.093689607232428,0.9620487345454029,1.5857108553962025,1.4931077948006828,1.1548436906026758,1.9751945389506151,1.871028331234632,1.366667699935796,2.425173726228192,2.2427752286271976
2.0549877830173657,2.0077965451628352,0.7932413901819293,1.1605367954734649,1.0966514606609978,0.9608697145796188,1.569181976720805,1.4946345115256736,1.1567229998995885,1.981569712424217,1.8719732044907784,1.3639704306107348,2.440393624708171,2.239870914412886
2.0525239574939698,2.007166897854232,0.8012188793448232,1.1584243564044727,1.0983012201231157,0.9543779160055664,1.5854205688857057,1.495011368980798,1.1532049386397651,1.9874422611178035,1.869837868549025,1.350473603019324,2.43732247480651,2.2599398284921866
2.0586004351715905,2.0057353692896225,0.8015172364156874,1.167712210846679,1.0977716494704146,0.9632423090203034,1.5919187443945415,1.4964841671307068,1.1589882794548485,1.986463803159612,1.8675886633451029,1.3716497096564153,2.425948446668932,2.2485069749910203
2.0539287377501387,2.0063030045965444,0.7981109600085432,1.159780920009174,1.1014706490899595,0.9608971064962696,1.5791047540162226,1.49778352765476,1.162289202975495,1.9710558314457567,1.86425251210742,1.3612433978358802,2.4260391689017604,2.2480776328260026
2.049855477974543,2.0043132369170715,0.8031253982382967,1.172664983193283,1.1056253812502108,0.9568536469088796,1.58241235874498,1.501992406137764,1.1681028304197598,1.999276436503281,1.8815572386812367,1.363789532038257,2.439406368433667,2.257562570559704
2.0522505538847744,2.010345678805085,0.8041920080361769,1.1704083781717989,1.10091158252238,0.9594626079130052,1.5897095849751817,1.4976244210587133,1.1610151181745407,1.987123000652284,1.8699355015669328,1.364596878476155,2.44403436787598,2.260977274926422
2.057539004803924,2.0105698791611224,0.8028332222148281,1.161362946643244,1.0975094955900442,0.9670307669798126,1.582363861601066,1.4960021061055802,1.1632546233704022,1.985321188521812,1.8770208465473728,1.3723039259691068,2.439318736495874,2.246499288722377
2.059135216276359,2.006997734384464,0.8004440828357511,1.170482849983303,1.1003131439618747,0.9626438655816686,1.586456664687837,1.4985193065975024,1.1666112639714994,1.974986850758038,1.8728332696363443,1.374049981079443,2.4341364763581845,2.2554071400781424
2.0473939829775136,2.0118912635252,0.8050752632758197,1.1676974413949814,1.1106929065626296,0.961305181998426,1.579327683619526,1.4928870423675498,1.1667379419821913,1.9973979712752128,1.863741100901533,1.3759062869469527,2.4255692455774684,2.2435143100636084
1.949006324533916,1.855007822556264,0.7200662531816137,1.0625219360336928,1.011239994517373,0.8642026708863885,1.4619503768203814,1.3932165797714078,1.0495504224696732,1.831201071934322,1.7395968595734033,1.2378513581307649,2.2595507190050674,2.096297984232988
1.9097975590040008,1.8276563946853208,0.697359556889595,1.043088858237352,0.996017969477817,0.8357718339966386,1.4290210200697564,1.3591555027705629,1.0225708611176143,1.7989928853481325,1.7119458337574054,1.2052264884304815,2.220364774889348,2.0602079017083055
1.900714331575672,1.8116236598900213,0.6915863732547711,1.032942856669121,0.9873820532618276,0.8282726885717543,1.420369015325366,1.357836756559894,1.0174790361653203,1.7944273966962418,1.7173132307998968,1.1971864159149892,2.200218719594619,2.0607250236794163
1.8987543009736043,1.8052400688990915,0.6833671694216521,1.0284687029126356,0.9857129306744432,0.827379752455465,1.42149237049815,1.3447130397152718,1.0021753783726022,1.7868796215032985,1.699017664660578,1.1840236824186867,2.1974197049884845,2.052666015027429
1.9008418486246368,1.7951957496535746,0.6819072773541941,1.0244857097220847,0.9840606508962334,0.8246557281145355,1.419650508314752,1.3487476012895785,0.9977171963742932,1.7884986138404788,1.6918644810576573,1.1809349529578557,2.1756572284357016,2.043384401694588
1.886371226566832,1.7829641320211502,0.6808236236767391,1.0200806656456969,0.9838781404068404,0.8208733034865631,1.4065913041229443,1.3473707416173442,0.9954633131966262,1.7843375766978544,1.6984601127522072,1.1758512453654844,2.188772978989974,2.047885076469168
1.8891263956304096,1.7965161736359072,0.6748668021710632,1.0223448067674856,0.981190969876926,0.8130625437592607,1.4118640828315558,1.345808164238015,0.9995151012754806,1.7747965624265354,1.6942118363612144,1.1815637539109916,2.192135084315639,2.03471691986484
1.8957830207122257,1.7910822343338482,0.6765649648731017,1.0202457784386851,0.9791625753388076,0.8134207789550352,1.4058056103299037,1.340566289699291,0.9981896569356894,1.7679086069926582,1.6867531909967015,1.1772736635659358,2.1744838282275385,2.040001131079691
1.8922869092058343,1.7822867991674285,0.6745366781873776,1.0172246686942743,0.973363450725975,0.8143520371993179,1.409323299937236,1.3413536091289862,0.9894734259761508,1.7624113489599789,1.6779278663113295,1.169492053711201,2.185819533474915,2.0412749917915716
1.883929651411598,1.7785556856018807,0.672600349349439,1.0141976442178495,0.9748967488098632,0.8076517197787,1.4090074380035595,1.3411067443735458,0.9897411762905852,1.7661913365049435,1.682557959385845,1.183051771520044,2.1741074515730525,2.0333424233414634
1.892031613823093,1.7899683723059456,0.6735084032463601,1.0147445183580794,0.9744170515433602,0.8105416297912598,1.4123833682530982,1.338894981862334,0.9943158036607612,1.7652470849054245,1.682141041816653,1.1664818715866263,2.1820277301856623,2.032143293134392
1.878900154472312,1.7813232576145843,0.6710155068151177,1.0134035708654263,0.9741698758071644,0.8106015118796502,1.3923024762317042,1.336356481017969,0.9863828423687868,1.764578283290424,1.676301790625238,1.1748250957645114,2.16666422841494,2.0292093576982504
1.870343849787017,1.7830509971779631,0.6693253128424935,1.0133196205434287,0.9719146098322272,0.8086263825521445,1.4017983949397836,1.3314893718265817,0.9835961291857084,1.7677290021915877,1.681326180162942,1.1626171603836977,2.1725903209822865,2.0304045076565362
1.879394968757239,1.7797767314154778,0.6672921174627435,1.01141146214112,0.9700310654042626,0.805917391463009,1.4057413208515137,1.3339927019670492,0.9823334165241407,1.7663479729381668,1.6878942580479186,1.1647651527848697,2.162554222604503,2.0241491376896343
1.870401268115129,1.7730901021786662,0.6723003106196518,1.011496855779682,0.9690896123266586,0.8069023006712385,1.3921600385090274,1.3371821144962557,0.9823059826860648,1.7685945110247874,1.6821898767710342,1.1621844103879029,2.1645728392369303,2.022088836221134
1.882480517067873,1.7906924141642382,0.6675940451719572,1.0060340143225688,0.9677337273917236,0.8014077864339589,1.3877780820097765,1.3400625499618022,0.9850893077033256,1.7678481575168308,1.6758722722377923,1.1554997743243147,2.1613352509105908,2.023129404048481
1.8738928115581308,1.779017778003917,0.668251871071813,1.0125218715204305,0.9718273657057293,0.8012177398442613,1.3954744003617856,1.3337786703768288,0.976105354478597,1.7606631041792653,1.673676710909285,1.1600491701794402,2.1631276528243824,2.023022738868928
1.8648927894699605,1.7764384328861675,0.663346706220256,1.0046511623255736,0.9686378780228404,0.8074927961125093,1.399439834572775,1.335452539231771,0.9780605785986956,1.7571921610771235,1.6755398338103231,1.159049297232762,2.17248249541768,2.0283661702709734
1.882741250650352,1.7760294477653016,0.6618753433075097,1.00822338667672,0.9679309015383806,0.8037766372151387,1.3867959043254023,1.335141721283993,0.9744794888569572,1.7579491678101329,1.6789545976292446,1.1553317651419384,2.151655802031612,2.0253821266886525
1.8776375113240893,1.780346657613964,0.6638192795883969,1.0078447173013712,0.9666690181588272,0.7975329854299346,1.3931652493489064,1.3310092016864006,0.9814345100346732,1.760685434121915,1.681695436882546,1.1585616870304507,2.156512744286481,2.014796407021525
1.87737340603948,1.773579022158747,0.6629563262090659,1.00113993593494,0.9676310930715496,0.7998516573320569,1.3915284689125198,1.3296040327042875,0.9836827941867702,1.7593412749907549,1.6690413863457685,1.1605125816581805,2.152695529601153,2.0245613716447446
1.8702476896593327,1.7646138814404189,0.6618324984674868,1.0086787777483617,0.9644387757686704,0.8001036554041421,1.3892566285779715,1.324587428661259,0.9791596678211866,1.752239802304436,1.678868411751964,1.1539825746775283,2.150415944016498,2.0186105750100998
1.873410627055351,1.7638971637886809,0.6643421233005231,1.006929770455031,0.96663267960024,0.7945428226914857,1.387043556898756,1.327720052445941,0.9748502750225994,1.748251564972236,1.6742276959407054,1.1491851517001686,2.1574796645537666,2.0145811138250638
1.874938727644704,1.7735801858975149,0.6605316717606371,0.9995632636577576,0.9622726794094076,0.8006193569249205,1.3902802924670832,1.325011883855171,0.980861105272532,1.7489911086114167,1.6706619979170585,1.157512932024953,2.1534539104422645,2.018771807251074
1.8727758933821,1.7722389999862826,0.6613870487188744,1.008445078149781,0.9659770743926164,0.7902087396977807,1.3895782942662154,1.3273667033066223,0.9708444662106313,1.7540485761354647,1.6747305100531225,1.1532411073784694,2.15220448153708,2.0187061836042672
1.8650830956676123,1.761577151925363,0.6585145554579127,1.0003732762983084,0.9687206528680709,0.7955665975580435,1.3868910086429334,1.3329022345335588,0.974085157637096,1.749976177959491,1.6685010127704163,1.1427616853543254,2.1483204733685155,2.016247862745124
1.8641186385508388,1.7615312002503964,0.6604975428422699,1.0029026652541002,0.965197642440991,0.7939376859256374,1.3854588251894393,1.323715765153051,0.9750660406354138,1.749740272836612,1.6643071711215829,1.1591524243964564,2.15747723250133,2.010339448214187
1.864765750477686,1.7693029462224077,0.6582288362485978,1.0068539118827762,0.9675795815484908,0.7929020374632247,1.3874219707820727,1.327827994475889,0.9701303129305924,1.751779432491878,1.669367953639506,1.1516978284891914,2.154572932616524,2.014956130700953
1.8737220852576253,1.7705803752860143,0.6578608177354573,1.004863787032759,0.968711964614556,0.7892126913570687,1.3867436912663451,1.3309367535364292,0.9733017186069732,1.7485555550631355,1.673384721321828,1.1544824539852874,2.151532602432134,2.0146788139172527
1.8610594239076383,1.761375378769682,0.6584661680719127,1.010310660237851,0.9613028531489164,0.7916064297451693,1.3784601255451017,1.3223944972543156,0.9737887187382144,1.739039153089304,1.665482900026814,1.1549405876327965,2.148410883401056,2.0119404994008487
1.8701667087462248,1.7691491461166031,0.6585727726559505,1.004472470192043,0.9629488146823384,0.7889186950290904,1.3814226529177498,1.3268215366641578,0.96897795072297,1.740098407506333,1.673266894677106,1.140025600447984,2.154847453317374,2.012958838811616
1.8609048423864647,1.7491882414464146,0.6554838631616529,1.001589086049658,0.95959158458978,0.7970205379264129,1.382666014039608,1.3205135330519713,0.963090028299395,1.752304358555533,1.6702461703049252,1.1389937120325424,2.144368584808486,2.0137411273653854
1.870927447248298,1.763253708324774,0.6546253109222178,1.002559277255212,0.960829204153222,0.7989424701846773,1.3823637907462352,1.3278333035576375,0.9694024251245172,1.7452842667889412,1.671159518649206,1.1509127679383355,2.1448344089795865,2.018759076857506
1.858252907957872,1.761234526134208,0.655084250985509,0.9965575683452284,0.9588518173188504,0.7919048842261819,1.379300776345041,1.3226083050603452,0.96312006492444,1.7408996707643083,1.6724290305086411,1.1426250074830506,2.1461773808959803,2.011844456348273
1.858828772059487,1.757536792084384,0.6570539273264463,0.9993100614498948,0.9600805454241956,0.7864901726812963,1.3745597134465757,1.3272259311602854,0.9696064763666724,1.7542198686038746,1.6666321452621304,1.1469168841381512,2.151220636904392,2.0166728969120307
1.865047192939407,1.757973456931541,0.6592302808676229,0.9970521718034964,0.9583325809834864,0.7842862485619762,1.3758609099766177,1.3252035986127146,0.9641386759860436,1.7457288119494152,1.6715057045602433,1.146023811434236,2.1418080768926675,2.01563902858578
1.858398796652284,1.760493539483346,0.6545807199404977,0.9996373819573152,0.9581808716134952,0.7898444993721555,1.3750043043395137,1.3252856569826756,0.970539769705604,1.7416521344343414,1.669604830424804,1.1431623707951792,2.1484433263159164,1.9983241250143027
1.8620168677986129,1.7536909976578734,0.6527100430272729,0.9975829345490926,0.9607226315056882,0.7865690725386295,1.3801609369190149,1.326833721621872,0.96867873662573,1.7421361372598907,1.6565071597428578,1.1447192191162987,2.1489629855241312,2.0125175293754127
1.8597406081836243,1.763843399179561,0.6561001354013868,0.9976223711772344,0.9601682212651538,0.7877602260131056,1.376057485485321,1.3232320291002084,0.9676111273448486,1.746605520053288,1.6521974445303993,1.1406384339113065,2.1473789519970983,2.0024753860805347
1.8615543769143728,1.7596656303576497,0.6510274932360101,0.9977905311243004,0.958347349368093,0.7842482289542323,1.3777614402039278,1.3218521077919494,0.965935908924893,1.7431180806416076,1.6547053338926467,1.154116984828354,2.132398381257606,2.007210389122634
1.8530757692463868,1.7447959370625294,0.6398272664498186,0.9833348426977386,0.949061777128283,0.7720148976501602,1.3656492367424928,1.3104834413284536,0.9575735286373616,1.724492059644226,1.6489672947417744,1.131181722711724,2.126376253259761,1.9838267448917983
1.830101019281256,1.7331813948843486,0.6366410314884332,0.9807622431184324,0.9476148269670394,0.7713965983189586,1.3562404129206371,1.3060095410822603,0.9430743487899566,1.7222579409704184,1.6372014332915206,1.1214426486083613,2.11549149358364,1.9791648125709476
1.8470513183442527,1.7387505632532223,0.6367154498691754,0.9774998668819436,0.9423876927636772,0.7696050625018147,1.3587527421429335,1.304356372874716,0.9458582408897712,1.7196925750473882,1.638828331552198,1.1185135352032265,2.114203972279873,1.9819806359917915
1.8377951584813537,1.739536795164923,0.6402854609977254,0.9764909422611032,0.9445670736415308,0.7674907659325758,1.361897404541445,1.3054820683301258,0.945812747606536,1.7133269273411589,1.6421451934463227,1.1206328263673029,2.1192310963140426,1.9812934895610566
1.8397616087018376,1.7341954357483809,0.6412239734778928,0.9784170316003472,0.9463669747647728,0.7705594098476498,1.356813950002041,1.3040743361958458,0.9510902500213564,1.7146891901255263,1.6463996864035917,1.1251861274699726,2.11587758930138,1.9745584854384517
1.8365238627509388,1.7332905497392426,0.6350706958252451,0.9800599484187564,0.9399412518267132,0.7712095279217986,1.353694106001988,1.300636878098978,0.9450883203760132,1.7206880710923764,1.639017545963492,1.1223946456104288,2.1135973570596835,1.9805856595563767
1.8425556555428468,1.7309421096616389,0.6356794231992853,0.9792515121762404,0.9468880503073984,0.7720435118431326,1.3535151146257016,1.2954652891744434,0.9440149608475472,1.7086935326876238,1.642414862542506,1.1252189542326476,2.108157166434676,1.9709067305030725
1.8378071891682228,1.7321347757373624,0.6338914492551018,0.9795824647559536,0.9485390965286118,0.7765784045619428,1.361259539109057,1.302979072646412,0.9471135834598784,1.7112139338422614,1.6435027156034698,1.1172062210414722,2.1105452263751605,1.983065258206614
1.8399164115681368,1.7351686573394425,0.635906400049434,0.9777761135259856,0.9407206325579788,0.7671300378601874,1.3540876073300685,1.3031718034268645,0.9430322220258396,1.710620364874525,1.6360329325546694,1.110794055492372,2.1008313668658363,1.9891391559634977
1.8346588303670857,1.7209016035889726,0.6324721591551895,0.9815650237795642,0.9428186928829574,0.7741275938880413,1.35341653220184,1.3005825494561354,0.9398639775298137,1.7108533714738343,1.6310780713015505,1.124328391631241,2.111230760584097,1.9840557697179066
1.8330560541518808,1.7290566290735894,0.6346665693975776,0.9778736151392808,0.9446524950244544,0.7675029077493322,1.3624135533257211,1.303003658723953,0.9388730001571538,1.7060001012309434,1.637783627071039,1.11309061285175,2.1097892345979696,1.9779310104487193
1.838522299476292,1.7285290703444225,0.6389498895848803,0.9815647466408324,0.9410261028562972,0.7692596898664295,1.3614872968410288,1.302838931303195,0.9467260547915992,1.7091217300166257,1.6307248996041923,1.1167247865511023,2.100944450139389,1.9795036401285235
1.8360195711750509,1.733685071511037,0.6353082251365837,0.9760035056897136,0.941347263658138,0.7690856068030648,1.3568547775068551,1.299731819830892,0.935953981431244,1.7109460879469771,1.635186194458886,1.1102533656008102,2.113598592141096,1.983515716879569
1.836342760668996,1.7194899159014378,0.6392989881203303,0.9764608220980904,0.9413087390877708,0.7721705878787029,1.349692647109556,1.2975565771312665,0.9424389905636876,1.7087179474208667,1.6405741985496658,1.117798971855427,2.1037702112246657,1.9762155162099073
1.830764237267282,1.7261229948619443,0.632495674025982,0.9777477453736698,0.9410887549600332,0.7677284599570058,1.353872941887897,1.3013690896046437,0.940989437310592,1.716487501893202,1.6388430260026547,1.111553111039769,2.10723339718626,1.9740443369921516
1.8345951573623112,1.7311670380785031,0.6381716000302063,0.9776539520534407,0.94003108395335,0.773756575325261,1.3565975845317402,1.3013878289391012,0.943212577906411,1.7140773979904096,1.6366536699597487,1.1211133053540574,2.1161897234294726,1.9849185547255495
1.8332252917082408,1.7173497585384436,0.6341830497355108,0.9751715932965584,0.9422967883632006,0.7684421287015881,1.3523293645180705,1.3017823854675683,0.9463217148695456,1.7069871855513823,1.6341546520857555,1.117938376905973,2.1020104446069663,1.9764553250559151
1.8381922534664568,1.725903924468838,0.6392380631793185,0.9741510293062996,0.9444076947848816,0.7627984116144497,1.3569683191721396,1.29626770565272,0.9365638448759112,1.7133734799407023,1.6437696331297345,1.1115553322655465,2.112909194453598,1.9704568492786965
1.842834171431753,1.7271715366017175,0.6341728611522929,0.9779734100832048,0.942735364674912,0.7705807885550477,1.354784183794885,1.3063218419814049,0.9370811422310216,1.722520767575335,1.6435246714545635,1.1247937537520134,2.109858403120504,1.9839489225231473
1.8319687355509804,1.725198145412728,0.6368150721730479,0.9778444771571536,0.9400698173686368,0.7708653555349316,1.3557565785429972,1.3015749568829451,0.935466078541163,1.7074139240147816,1.6347879323813006,1.1197059549334103,2.108396073741376,1.9854914922543498
1.8341452505277551,1.7235602295917014,0.6338258587643314,0.971931846397917,0.9414443564232048,0.7657327526213263,1.3484503681702382,1.2993271027684516,0.9424677486614804,1.714090513451325,1.6390263427553884,1.1177376778534307,2.101331031535897,1.9741376303041074
1.8305107315483,1.7250391866849817,0.6342024505900605,0.979061148355684,0.9384685597761208,0.7664031817785004,1.348067741412336,1.2964957870180955,0.9422198602610536,1.7105093715745774,1.645385347363894,1.1173078294300365,2.098237318760904,1.9719856312817625
1.82821086849398,1.723401971790187,0.6308093527546319,0.9747972117970362,0.940325721450474,0.7716468670179167,1.358826548242203,1.2974660881340043,0.9369992383605684,1.716840190350857,1.648999131244162,1.1056627561064327,2.108214310368004,1.970384991687277
1.8424672949344605,1.7283707036996436,0.6339135818621692,0.9782645723703876,0.9399259114814232,0.7709418629746303,1.349708435175669,1.2987668710901303,0.9374559966804428,1.7110741550050428,1.6447596937189322,1.1172023330198224,2.1059637255680834,1.9732377913296986
1.841870656403739,1.7216976347481807,0.6355801528067235,0.9770239445254626,0.9394342312422554,0.7682835715810966,1.3556713036564,1.300821492739041,0.9377626862062518,1.7129404578367462,1.640958991197064,1.1084306075444916,2.09950869345604,1.9702686303107024
1.8343361451497773,1.723675596744508,0.6308488337432637,0.97811125687626,0.9322045517089728,0.76406378163706,1.3490377707249672,1.3006806309570742,0.9443680781232732,1.715316794107637,1.6327752137123166,1.108159541169091,2.103188812885138,1.9846334115928397
1.836647675470318,1.7317379405126547,0.6315379460601855,0.9711342935671892,0.9414509391540762,0.7655037909822391,1.3581850903723247,1.2954720040721357,0.9372481398875148,1.7065781290878723,1.6336684001376256,1.1114978058563778,2.10771614450323,1.9813428050111932
1.829190119148216,1.7285456157401395,0.6288579820519518,0.9768486702838516,0.9400799676890264,0.7676049858103018,1.3594828847119265,1.3029258979860778,0.9385258643828388,1.714569137834222,1.631429404248972,1.1153603368403051,2.10841839819613,1.972084015531613
1.8298965537029763,1.7365275002501506,0.6307491356759425,0.9782907400289764,0.936934072953051,0.7656024044279552,1.3514870670445436,1.2948132228973273,0.9371821784302402,1.7136723519591115,1.6420093543084382,1.113470526302562,2.1008216002408195,1.973675965043285
1.834318108265967,1.7321367349161212,0.6352173902494523,0.9716646840505284,0.9450686900207148,0.7681654784685511,1.3502793354756386,1.3018513146568746,0.9334102091581924,1.715167604443972,1.6323030211431595,1.1182865998933993,2.10570520025385,1.9730485192954998
1.841310446524559,1.7359823226318944,0.6300151679674377,0.9760637310764674,0.9364495513689184,0.7656775914189761,1.350464013836268,1.2935168919965738,0.9455567988593256,1.7143913769661008,1.6358254123526763,1.1154429796711562,2.0967069772808142,1.9758331562247118
1.8403004999355888,1.7258958654940282,0.6342883571944273,0.9719068991863514,0.9399923756909188,0.7636488802597651,1.352730474813515,1.2978186590592269,0.9461146910172288,1.7133353762614452,1.633166039691252,1.1153367215105334,2.1041651613572063,1.977886506968447
1.8391882873252223,1.7255041520004075,0.6320163277561403,0.9720319142122098,0.9431117696835256,0.7638562928380259,1.3471411643430704,1.29870218831255,0.9398579980101428,1.7103893631864386,1.6381187280425635,1.110157206997542,2.1049236028700533,1.9760586376995077
1.841942643570473,1.718693785350341,0.6299296401803146,0.974982408916249,0.9420758921776892,0.7642382543410182,1.3488886062141574,1.2971798117508364,0.9396331051121588,1.7132736691428572,1.633418999669497,1.113708091818768,2.0991172418569968,1.972748151825517
1.8313423129908568,1.7222426340098271,0.6314167124231148,0.9826035667258456,0.939203701055873,0.7637095180009027,1.355547858930915,1.2959678346848549,0.9402487424328504,1.7078592249804443,1.6302258187852552,1.1110564124248827,2.104389683364907,1.97933112324961
1.840644614166006,1.7202383871273617,0.6340163657275002,0.9796772785198964,0.9411549176401496,0.7626500582451101,1.3511433226373188,1.2951708108262945,0.9439260394067106,1.7187918107527906,1.6345632292730423,1.1109129603561538,2.103652907149566,1.9691962494569666
1.8350592949201383,1.7236274057032202,0.6339838244116215,0.975247467112968,0.941675530065356,0.7649039162699219,1.3496784817837084,1.298429204984699,0.9389001849057425,1.702118386697891,1.6321226980375207,1.1115331119283691,2.0956205690608307,1.9733520605984856
1.8300147919398744,1.723984268010425,0.6375640338796484,0.9745287977521072,0.941919172206498,0.7598299975590328,1.351049522152337,1.29524807094613,0.942264489505602,1.7069311702952663,1.635055491686477,1.1120352071264517,2.108337373074973,1.9755001851664784
1.837091738305738,1.7280146060392374,0.6271257598686706,0.9727262810368064,0.9418980954858044,0.7627113077341748,1.3554663813632468,1.2974212954721185,0.9320699490244736,1.7100596674872786,1.647971570034466,1.109370639561997,2.097947271278752,1.9853689838248445
1.8301563705019936,1.7292299746247508,0.6348451304313777,0.9777864926611372,0.94074588587217,0.7656653171305157,1.3531142247607335,1.3021775615184814,0.9387025865142608,1.7174189618176512,1.6337736055369267,1.1196336883413212,2.0881415971404755,1.9665274403589157
